<?xml version="1.0" encoding="UTF-8"?>
<project-private xmlns="http://www.netbeans.org/ns/project-private/1">
    <editor-bookmarks xmlns="http://www.netbeans.org/ns/editor-bookmarks/2" lastBookmarkId="0"/>
    <open-files xmlns="http://www.netbeans.org/ns/projectui-open-files/2">
        <group>
            <file>file:/C:/Users/S538418/Documents/NetBeansProjects/SoujanyaJanapatlaExam1/src/mapSetList/Travel.java</file>
            <file>file:/C:/Users/S538418/Documents/NetBeansProjects/SoujanyaJanapatlaExam1/src/stackQueueHash/Card.java</file>
            <file>file:/C:/Users/S538418/Documents/NetBeansProjects/SoujanyaJanapatlaExam1/src/mapSetList/ItineraryDriver.java</file>
            <file>file:/C:/Users/S538418/Documents/NetBeansProjects/SoujanyaJanapatlaExam1/src/mapSetList/Itinerary.java</file>
            <file>file:/C:/Users/S538418/Documents/NetBeansProjects/SoujanyaJanapatlaExam1/src/stackQueueHash/PlayerDriver.java</file>
            <file>file:/C:/Users/S538418/Documents/NetBeansProjects/SoujanyaJanapatlaExam1/src/stackQueueHash/Player.java</file>
        </group>
    </open-files>
</project-private>
